1,Abran,atee0@ebay.co.uk,wS4?Run/,wanner
2,Marylin,mhillhouse1@miibeian.gov.cn,zY2&tYd!duN,wanner
3,Win,wcusted2@telegraph.co.uk,"xH5""_XZs",wanner
4,Winfred,wlegall3@lycos.com,kM9@Ot5=xg$THp,wanner
5,Tasha,tbaggalley4@studiopress.com,gR6)S/<K)+,wanner
6,Ginger,greynold5@free.fr,wC1_fCS}JSb,wanner
7,Gallagher,gvitte6@hhs.gov,lP3$wdrH1?,wanner
8,Codie,celsey7@lycos.com,"mH6~I,Ra}455Iw}",wanner
9,Parnell,pcossom8@deviantart.com,lI2?HpI1H,wanner
10,Winn,wthomsson9@webmd.com,bZ5?Wl&mA,wanner
11,Sonny,sbreita@theguardian.com,oU1/es.n6,wanner
12,Janessa,jhennerb@ebay.co.uk,aF4~b'mkCgQ@3Zj,wanner
13,Lauri,lfantinc@zdnet.com,"xH3(5|""r8+(Y@",wanner
14,Uri,upulsfordd@seattletimes.com,"aD0%T~,9iV",wanner
15,Terrie,tcrinkleye@wufoo.com,jF1/e}Vg,wanner
16,Arie,aknottef@scribd.com,cN0&S(E7P,wanner
17,Maure,mwoodesong@rediff.com,qQ0=2uzHC(e<ye/d,wanner
18,Felicia,fmcgouganh@jalbum.net,aS6/shhiZp,wanner
19,Pam,ppieronii@dagondesign.com,"nI2@6=?,e2",wanner
20,Udale,urennocksj@wordpress.org,xF1?5l%u,wanner
21,Rosaleen,rcadigank@google.com.hk,dX6*w(Gt5,wanner
22,Ofelia,omcgahernl@rambler.ru,zN6'YHO!%vT)2Y,wanner
23,Mollie,mcanetm@free.fr,fV7.yE$Weywo7,wanner
24,Neron,nitzhaiekn@tinypic.com,zH6=!{n+I,wanner
25,Austin,arusheo@quantcast.com,lP6.2XGz{X,wanner
26,Caesar,cyosevitzp@1688.com,pI5}G&WOD,wanner
27,Korney,kbeanq@ning.com,lX7_=O~&,wanner
28,Jaquenette,jiashvilir@hatena.ne.jp,"uJ1,nj6#N",wanner
29,Marco,mfultons@gravatar.com,zA1&}NY\A,wanner
30,Johannah,jmcdonaldt@usgs.gov,yH3@q>!3ve(w~2`W,wanner
31,Celia,cgabbidonu@com.com,sS0?GK5zZQL4,wanner
32,Leone,lgrollev@washingtonpost.com,sC4)|V@Zj,wanner
33,Uri,ucadgew@bbc.co.uk,aH0*>uXKIhA,wanner
34,Igor,iacasterx@rediff.com,wS3`s!F}!1,wanner
35,Nonie,nraysdaley@bizjournals.com,"xJ1$RvP4(~,z",wanner
36,Zola,zeckfordz@webmd.com,wL6&i>0(hTgE,wanner
37,Raddy,rlifton10@msn.com,iP4(pM`H#u=_n,wanner
38,Hew,hadamovitch11@discuz.net,rZ0#T6wG,wanner
39,Chloette,crosenberg12@wix.com,jU1(G4eZxX.4s,wanner
40,Carey,cloggie13@google.it,sE8*GF'D,wanner
